,LOC_DOCK_126,STA_OP250,SPUR_MANUAL_UNL,CMC_INBOUND,SPUR_BUF_S1,STA_OP290,AISLE_LOC_K2K3,STA_OP130,STA_OP280,SPUR_DEC_1,STA_OP100,STA_OP170,STA_OP410,STA_OP180,STG_U3,BAA_REPACK,LOC_DOCK_BAAE,STG_V3,STA_OP160,STA_OP095,STG_E4,AISLE_LOC_STD,STG_Y3,STA_OP090,SPUR_ROBOT_UNL,BAA_EMPTIES,STA_OP270,SPUR_ROBOT_VIS,AISLE_H5_MKT,LOC_DOCK_127,STG_X3,STA_OP120,BYAN_QC,STA_OP080,STA_OP050,STA_OP190,STG_W3,LOC_DOCK_XEXL,STA_OP210,SPUR_BUF_N1,STG_E3,AISLE_OP95_MKT,STA_OP265,STA_OP430,STA_OP020,STA_OP135,STA_OP140,STA_OP300,BAA_MKT,SPUR_LOAD
LOC_DOCK_126,0.0,43.81,33.02,158.04,20.77,29.92,78.14,75.22,32.97,35.26,79.7,62.98,23.93,58.91,124.27,136.24,30.71,102.54,66.16,81.71,195.78,65.8,120.23,84.21,29.29,23.77,37.52,25.48,93.78,7.93,95.97,76.91,213.29,86.71,88.45,51.21,130.9,173.08,46.71,42.77,170.93,115.71,40.66,33.89,92.14,73.54,72.03,28.11,129.01,38.77
STA_OP250,43.81,0.0,21.32,168.03,23.03,13.89,121.95,31.41,10.84,25.1,35.89,19.17,19.87,15.1,114.1,92.43,74.52,146.35,22.35,37.9,151.98,55.64,130.46,40.4,22.98,67.58,6.29,18.93,83.61,38.26,139.78,33.1,182.57,42.9,44.64,7.4,120.73,183.41,2.9,32.61,127.13,71.9,3.15,25.51,48.33,29.73,28.22,15.7,126.84,28.61
SPUR_MANUAL_UNL,33.02,21.32,0.0,186.17,12.25,7.43,111.16,52.73,10.48,3.78,57.21,40.49,9.09,36.42,92.78,110.57,63.73,135.56,43.67,59.22,170.12,34.32,109.14,61.72,3.73,56.79,15.03,7.78,62.3,27.47,128.99,54.42,201.53,64.22,65.96,28.72,99.41,201.56,24.22,11.29,145.27,90.04,18.17,4.2,69.65,51.05,49.54,5.62,105.52,7.29
CMC_INBOUND,158.04,168.03,186.17,0.0,178.81,181.92,166.98,136.61,178.87,182.39,132.14,148.86,181.97,152.93,109.18,75.6,141.21,148.51,145.68,130.13,68.7,151.85,105.22,132.63,187.33,134.27,174.32,183.52,139.67,165.97,149.16,134.93,100.11,135.13,136.87,160.63,104.83,100.14,165.13,174.88,40.9,96.13,171.17,185.75,140.56,138.3,139.81,183.73,96.44,178.88
SPUR_BUF_S1,20.77,23.03,12.25,178.81,0.0,9.14,98.91,54.45,12.19,14.49,58.92,42.2,3.16,38.13,103.49,115.47,51.48,123.31,45.38,60.93,175.01,45.03,119.85,63.43,8.52,44.54,16.74,4.71,73.01,15.22,116.74,56.13,205.6,65.93,67.67,30.43,110.12,193.85,25.93,22.0,150.16,94.93,19.89,13.11,71.36,52.76,51.25,7.33,116.23,18.0
STA_OP290,29.92,13.89,7.43,181.92,9.14,0.0,108.06,45.31,3.05,11.21,49.78,33.06,5.98,28.99,100.21,106.32,60.63,132.46,36.24,51.79,165.87,41.75,116.57,54.29,9.09,53.69,7.6,5.04,69.72,24.37,125.89,46.99,196.46,56.79,58.53,21.29,106.84,197.3,16.79,18.72,141.02,85.79,10.75,11.62,62.22,43.62,42.11,1.81,112.95,14.72
AISLE_LOC_K2K3,78.14,121.95,111.16,166.98,98.91,108.06,0.0,153.36,111.11,113.4,157.84,141.12,102.07,137.05,68.23,152.19,47.43,24.4,144.3,159.85,190.72,133.32,79.32,162.35,107.44,54.37,115.66,103.62,98.72,86.07,17.83,155.05,222.13,164.85,166.59,129.35,62.15,222.16,124.85,120.91,162.92,131.66,118.8,112.03,170.28,151.68,150.17,106.25,70.54,116.91
STA_OP130,75.22,31.41,52.73,136.61,54.45,45.31,153.36,0.0,42.26,56.51,4.48,12.25,51.29,16.31,145.52,61.02,105.93,177.76,9.06,6.49,120.56,87.05,161.87,8.99,54.39,98.99,37.7,50.34,115.03,69.67,171.19,1.69,151.15,11.49,13.23,24.01,152.15,152.0,28.51,64.02,95.71,40.49,34.56,56.93,16.91,1.69,3.19,47.12,158.25,60.02
STA_OP280,32.97,10.84,10.48,178.87,12.19,3.05,111.11,42.26,0.0,14.26,46.73,30.01,9.03,25.94,103.26,103.27,63.68,135.51,33.19,48.74,162.82,44.8,119.62,51.24,12.14,56.74,4.55,8.09,72.77,27.42,128.94,43.94,193.41,53.74,55.48,18.24,109.89,194.25,13.74,21.77,137.97,82.74,7.69,14.67,59.17,40.57,39.06,4.86,116.0,17.77
SPUR_DEC_1,35.26,25.1,3.78,182.39,14.49,11.21,113.4,56.51,14.26,0.0,60.99,44.27,12.87,40.2,89.0,106.79,65.97,132.84,47.45,63.0,166.34,30.54,105.36,65.5,7.51,59.03,18.81,11.56,58.52,29.71,131.23,58.2,197.75,68.0,69.74,32.5,95.63,197.78,28.0,7.51,141.49,86.26,21.95,4.43,73.43,54.83,53.32,9.4,101.74,3.51
STA_OP100,79.7,35.89,57.21,132.14,58.92,49.78,157.84,4.48,46.73,60.99,0.0,16.72,55.76,20.79,149.99,56.54,110.41,182.24,13.54,2.01,116.09,91.53,166.35,4.51,58.87,103.47,42.18,54.82,119.5,74.15,175.67,2.79,146.68,7.01,8.75,28.49,156.62,147.52,32.99,68.5,91.24,36.01,39.04,61.4,12.44,6.16,7.67,51.59,162.73,64.5
STA_OP170,62.98,19.17,40.49,148.86,42.2,33.06,141.12,12.25,30.01,44.27,16.72,0.0,39.04,4.07,133.27,73.26,93.69,165.52,3.18,18.73,132.81,74.81,149.63,21.23,42.15,86.75,25.46,38.1,102.78,57.43,158.95,13.93,163.4,23.73,25.47,11.77,139.9,164.24,16.27,51.78,107.96,52.73,22.32,44.68,29.16,10.56,9.05,34.87,146.01,47.78
STA_OP410,23.93,19.87,9.09,181.97,3.16,5.98,102.07,51.29,9.03,12.87,55.76,39.04,0.0,34.97,100.33,112.31,54.64,126.47,42.22,57.77,171.85,41.87,116.69,60.27,5.36,47.7,13.58,1.55,69.85,18.38,119.9,52.97,202.44,62.77,64.51,27.27,106.96,197.01,22.77,18.84,147.0,91.77,16.73,9.95,68.2,49.6,48.09,4.17,113.07,16.38
STA_OP180,58.91,15.1,36.42,152.93,38.13,28.99,137.05,16.31,25.94,40.2,20.79,4.07,34.97,0.0,129.2,77.33,89.62,161.45,7.25,22.8,136.88,70.74,145.56,25.3,38.08,82.68,21.39,34.03,98.71,53.36,154.88,18.0,167.47,27.8,29.54,7.7,135.83,168.31,12.2,47.71,112.03,56.8,18.25,40.61,33.23,14.63,13.12,30.8,141.94,43.71
STG_U3,124.27,114.1,92.78,109.18,103.49,100.21,68.23,145.52,103.26,89.0,149.99,133.27,100.33,129.2,0.0,128.2,115.66,43.83,136.45,152.0,177.88,65.09,16.36,154.5,96.51,122.6,107.81,98.78,30.49,118.72,50.96,147.2,209.29,157.0,158.74,121.5,6.63,209.32,117.0,81.49,150.08,120.81,110.96,92.36,162.43,143.83,142.32,98.4,12.74,85.49
BAA_REPACK,136.24,92.43,110.57,75.6,115.47,106.32,152.19,61.02,103.27,106.79,56.54,73.26,112.31,77.33,128.2,0.0,166.95,167.53,70.08,54.53,59.54,76.26,124.24,57.03,114.3,160.01,98.72,111.36,110.86,130.69,168.18,59.33,90.95,59.53,61.27,85.03,123.86,90.98,89.53,99.28,34.7,20.53,95.58,110.15,64.96,62.7,64.21,108.13,115.47,103.28
LOC_DOCK_BAAE,30.71,74.52,63.73,141.21,51.48,60.63,47.43,105.93,63.68,65.97,110.41,93.69,54.64,89.62,115.66,166.95,0.0,71.83,96.87,112.42,209.91,96.51,126.75,114.92,60.0,6.94,68.23,56.19,124.49,38.64,65.26,107.62,209.28,117.42,119.16,81.92,109.59,188.1,77.42,73.48,182.11,146.42,71.37,64.6,122.85,104.25,102.74,58.82,117.98,69.48
STG_V3,102.54,146.35,135.56,148.51,123.31,132.46,24.4,177.76,135.51,132.84,182.24,165.52,126.47,161.45,43.83,167.53,71.83,0.0,168.7,184.25,182.15,108.92,60.19,186.75,131.83,78.77,140.06,128.02,74.32,110.47,9.26,179.45,213.56,189.25,190.99,153.75,43.68,213.59,149.25,125.33,154.35,156.06,143.2,136.19,194.68,176.08,174.57,130.65,52.07,129.33
STA_OP160,66.16,22.35,43.67,145.68,45.38,36.24,144.3,9.06,33.19,47.45,13.54,3.18,42.22,7.25,136.45,70.08,96.87,168.7,0.0,15.55,129.63,77.99,152.81,18.05,45.33,89.93,28.64,41.28,105.96,60.61,162.13,10.75,160.22,20.55,22.29,14.95,143.08,161.06,19.45,54.96,104.78,49.55,25.5,47.86,25.98,7.38,5.87,38.05,149.19,50.96
STA_OP095,81.71,37.9,59.22,130.13,60.93,51.79,159.85,6.49,48.74,63.0,2.01,18.73,57.77,22.8,152.0,54.53,112.42,184.25,15.55,0.0,114.08,89.72,168.36,2.5,60.88,105.48,44.19,56.83,121.51,76.16,177.68,4.8,144.67,5.0,6.74,30.5,158.63,145.51,35.0,70.51,89.23,34.0,41.05,63.41,10.43,8.17,9.68,53.6,164.74,66.51
STG_E4,195.78,151.98,170.12,68.7,175.01,165.87,190.72,120.56,162.82,166.34,116.09,132.81,171.85,136.88,177.88,59.54,209.91,182.15,129.63,114.08,0.0,135.8,173.92,116.58,173.85,202.97,158.27,170.9,170.4,190.23,172.89,118.88,31.41,119.08,120.82,144.58,173.53,31.44,149.08,158.83,27.8,80.08,155.12,169.69,124.51,122.25,123.76,167.68,165.14,162.83
AISLE_LOC_STD,65.8,55.64,34.32,151.85,45.03,41.75,133.32,87.05,44.8,30.54,91.53,74.81,41.87,70.74,65.09,76.26,96.51,108.92,77.99,89.72,135.8,0.0,81.45,92.22,38.05,89.57,49.35,40.32,34.6,60.25,116.04,88.74,167.21,94.72,96.46,63.04,71.72,167.24,58.54,23.03,110.95,55.72,52.49,33.89,100.15,85.37,83.86,39.94,77.83,27.03
STG_Y3,120.23,130.46,109.14,105.22,119.85,116.57,79.32,161.87,119.62,105.36,166.35,149.63,116.69,145.56,16.36,124.24,126.75,60.19,152.81,168.36,173.92,81.45,0.0,170.86,112.87,133.69,124.17,115.14,46.85,112.3,61.49,163.56,205.33,173.36,175.1,137.86,17.17,205.36,133.36,97.85,146.12,137.17,127.31,108.72,178.79,160.19,158.68,114.76,8.78,101.85
STA_OP090,84.21,40.4,61.72,132.63,63.43,54.29,162.35,8.99,51.24,65.5,4.51,21.23,60.27,25.3,154.5,57.03,114.92,186.75,18.05,2.5,116.58,92.22,170.86,0.0,63.38,107.98,46.69,59.33,124.01,78.66,180.18,7.3,142.17,2.5,4.24,33.0,161.13,148.01,37.5,73.01,91.73,36.5,43.55,65.91,7.93,10.67,12.18,56.1,167.24,69.01
SPUR_ROBOT_UNL,29.29,22.98,3.73,187.33,8.52,9.09,107.44,54.39,12.14,7.51,58.87,42.15,5.36,38.08,96.51,114.3,60.0,131.83,45.33,60.88,173.85,38.05,112.87,63.38,0.0,53.06,16.69,4.05,66.02,23.75,125.26,56.08,205.26,65.88,67.62,30.38,103.14,202.37,25.88,15.02,149.0,93.77,19.83,7.92,71.31,52.71,51.2,7.37,109.25,11.02
BAA_EMPTIES,23.77,67.58,56.79,134.27,44.54,53.69,54.37,98.99,56.74,59.03,103.47,86.75,47.7,82.68,122.6,160.01,6.94,78.77,89.93,105.48,202.97,89.57,133.69,107.98,53.06,0.0,61.29,49.25,117.55,31.7,72.2,100.68,202.34,110.48,112.22,74.98,116.53,195.04,70.48,66.54,175.17,139.48,64.43,57.66,115.91,97.31,95.8,51.88,124.92,62.54
STA_OP270,37.52,6.29,15.03,174.32,16.74,7.6,115.66,37.7,4.55,18.81,42.18,25.46,13.58,21.39,107.81,98.72,68.23,140.06,28.64,44.19,158.27,49.35,124.17,46.69,16.69,61.29,0.0,12.64,77.32,31.97,133.49,39.39,188.86,49.19,50.93,13.69,114.44,189.7,9.19,26.32,133.42,78.19,3.14,19.22,54.62,36.02,34.51,9.41,120.55,22.32
SPUR_ROBOT_VIS,25.48,18.93,7.78,183.52,4.71,5.04,103.62,50.34,8.09,11.56,54.82,38.1,1.55,34.03,98.78,111.36,56.19,128.02,41.28,56.83,170.9,40.32,115.14,59.33,4.05,49.25,12.64,0.0,68.3,19.93,121.45,52.03,201.49,61.83,63.57,26.33,105.41,198.56,21.83,17.29,146.06,90.83,15.78,11.5,67.26,48.66,47.15,3.32,111.52,15.07
AISLE_H5_MKT,93.78,83.61,62.3,139.67,73.01,69.72,98.72,115.03,72.77,58.52,119.5,102.78,69.85,98.71,30.49,110.86,124.49,74.32,105.96,121.51,170.4,34.6,46.85,124.01,66.02,117.55,77.32,68.3,0.0,88.23,81.44,116.71,201.81,126.51,128.25,91.01,37.12,201.84,86.51,51.01,145.55,90.33,80.47,61.87,131.94,113.34,111.83,67.91,43.23,55.01
LOC_DOCK_127,7.93,38.26,27.47,165.97,15.22,24.37,86.07,69.67,27.42,29.71,74.15,57.43,18.38,53.36,118.72,130.69,38.64,110.47,60.61,76.16,190.23,60.25,112.3,78.66,23.75,31.7,31.97,19.93,88.23,0.0,103.9,71.36,220.82,81.16,82.9,45.66,125.35,181.01,41.16,37.22,165.39,110.16,35.11,28.34,86.59,67.99,66.48,22.56,121.08,33.22
STG_X3,95.97,139.78,128.99,149.16,116.74,125.89,17.83,171.19,128.94,131.23,175.67,158.95,119.9,154.88,50.96,168.18,65.26,9.26,162.13,177.68,172.89,116.04,61.49,180.18,125.26,72.2,133.49,121.45,81.44,103.9,0.0,172.88,204.3,182.68,184.42,147.18,44.33,204.33,142.68,132.45,145.09,149.49,136.63,129.86,188.11,169.51,168.0,124.08,52.72,134.74
STA_OP120,76.91,33.1,54.42,134.93,56.13,46.99,155.05,1.69,43.94,58.2,2.79,13.93,52.97,18.0,147.2,59.33,107.62,179.45,10.75,4.8,118.88,88.74,163.56,7.3,56.08,100.68,39.39,52.03,116.71,71.36,172.88,0.0,149.47,9.8,11.54,25.7,153.83,150.31,30.2,65.71,94.03,38.8,36.25,58.61,15.23,3.37,4.88,48.8,159.94,61.71
BYAN_QC,213.29,182.57,201.53,100.11,205.6,196.46,222.13,151.15,193.41,197.75,146.68,163.4,202.44,167.47,209.29,90.95,209.28,213.56,160.22,144.67,31.41,167.21,205.33,142.17,205.26,202.34,188.86,201.49,201.81,220.82,204.3,149.47,0.0,139.67,137.93,175.17,204.94,40.21,179.67,190.24,59.21,111.49,185.71,201.1,134.24,152.84,154.35,198.27,196.55,194.24
STA_OP080,86.71,42.9,64.22,135.13,65.93,56.79,164.85,11.49,53.74,68.0,7.01,23.73,62.77,27.8,157.0,59.53,117.42,189.25,20.55,5.0,119.08,94.72,173.36,2.5,65.88,110.48,49.19,61.83,126.51,81.16,182.68,9.8,139.67,0.0,1.74,35.5,163.63,150.51,40.0,75.51,94.23,39.0,46.05,68.41,5.43,13.17,14.68,58.6,169.74,71.51
STA_OP050,88.45,44.64,65.96,136.87,67.67,58.53,166.59,13.23,55.48,69.74,8.75,25.47,64.51,29.54,158.74,61.27,119.16,190.99,22.29,6.74,120.82,96.46,175.1,4.24,67.62,112.22,50.93,63.57,128.25,82.9,184.42,11.54,137.93,1.74,0.0,37.24,165.37,152.25,41.74,77.25,95.97,40.74,47.79,70.15,3.69,14.91,16.42,60.34,171.48,73.25
STA_OP190,51.21,7.4,28.72,160.63,30.43,21.29,129.35,24.01,18.24,32.5,28.49,11.77,27.27,7.7,121.5,85.03,81.92,153.75,14.95,30.5,144.58,63.04,137.86,33.0,30.38,74.98,13.69,26.33,91.01,45.66,147.18,25.7,175.17,35.5,37.24,0.0,128.13,176.01,4.5,40.01,119.73,64.5,10.55,32.91,40.93,22.33,20.82,23.1,134.24,36.01
STG_W3,130.9,120.73,99.41,104.83,110.12,106.84,62.15,152.15,109.89,95.63,156.62,139.9,106.96,135.83,6.63,123.86,109.59,43.68,143.08,158.63,173.53,71.72,17.17,161.13,103.14,116.53,114.44,105.41,37.12,125.35,44.33,153.83,204.94,163.63,165.37,128.13,0.0,204.97,123.63,88.12,145.73,127.44,117.59,98.99,169.06,150.46,148.95,105.03,8.39,92.12
LOC_DOCK_XEXL,173.08,183.41,201.56,100.14,193.85,197.3,222.16,152.0,194.25,197.78,147.52,164.24,197.01,168.31,209.32,90.98,188.1,213.59,161.06,145.51,31.44,167.24,205.36,148.01,202.37,195.04,189.7,198.56,201.84,181.01,204.33,150.31,40.21,150.51,152.25,176.01,204.97,0.0,180.51,190.27,59.24,111.51,186.56,201.13,155.94,153.68,155.19,199.11,196.58,194.27
STA_OP210,46.71,2.9,24.22,165.13,25.93,16.79,124.85,28.51,13.74,28.0,32.99,16.27,22.77,12.2,117.0,89.53,77.42,149.25,19.45,35.0,149.08,58.54,133.36,37.5,25.88,70.48,9.19,21.83,86.51,41.16,142.68,30.2,179.67,40.0,41.74,4.5,123.63,180.51,0.0,35.51,124.23,69.0,6.05,28.41,45.43,26.83,25.32,18.6,129.74,31.51
SPUR_BUF_N1,42.77,32.61,11.29,174.88,22.0,18.72,120.91,64.02,21.77,7.51,68.5,51.78,18.84,47.71,81.49,99.28,73.48,125.33,54.96,70.51,158.83,23.03,97.85,73.01,15.02,66.54,26.32,17.29,51.01,37.22,132.45,65.71,190.24,75.51,77.25,40.01,88.12,190.27,35.51,0.0,133.98,78.75,29.46,10.86,80.94,62.34,60.83,16.91,94.23,4.0
STG_E3,170.93,127.13,145.27,40.9,150.16,141.02,162.92,95.71,137.97,141.49,91.24,107.96,147.0,112.03,150.08,34.7,182.11,154.35,104.78,89.23,27.8,110.95,146.12,91.73,149.0,175.17,133.42,146.06,145.55,165.39,145.09,94.03,59.21,94.23,95.97,119.73,145.73,59.24,124.23,133.98,0.0,55.23,130.27,144.85,99.66,97.4,98.91,142.83,137.34,137.98
AISLE_OP95_MKT,115.71,71.9,90.04,96.13,94.93,85.79,131.66,40.49,82.74,86.26,36.01,52.73,91.77,56.8,120.81,20.53,146.42,156.06,49.55,34.0,80.08,55.72,137.17,36.5,93.77,139.48,78.19,90.83,90.33,110.16,149.49,38.8,111.49,39.0,40.74,64.5,127.44,111.51,69.0,78.75,55.23,0.0,75.05,89.62,44.43,42.17,43.68,87.6,133.55,82.75
STA_OP265,40.66,3.15,18.17,171.17,19.89,10.75,118.8,34.56,7.69,21.95,39.04,22.32,16.73,18.25,110.96,95.58,71.37,143.2,25.5,41.05,155.12,52.49,127.31,43.55,19.83,64.43,3.14,15.78,80.47,35.11,136.63,36.25,185.71,46.05,47.79,10.55,117.59,186.56,6.05,29.46,130.27,75.05,0.0,22.37,51.47,32.88,31.37,12.56,123.69,25.46
STA_OP430,33.89,25.51,4.2,185.75,13.11,11.62,112.03,56.93,14.67,4.43,61.4,44.68,9.95,40.61,92.36,110.15,64.6,136.19,47.86,63.41,169.69,33.89,108.72,65.91,7.92,57.66,19.22,11.5,61.87,28.34,129.86,58.61,201.1,68.41,70.15,32.91,98.99,201.13,28.41,10.86,144.85,89.62,22.37,0.0,73.84,55.24,53.73,9.81,105.1,6.86
STA_OP020,92.14,48.33,69.65,140.56,71.36,62.22,170.28,16.91,59.17,73.43,12.44,29.16,68.2,33.23,162.43,64.96,122.85,194.68,25.98,10.43,124.51,100.15,178.79,7.93,71.31,115.91,54.62,67.26,131.94,86.59,188.11,15.23,134.24,5.43,3.69,40.93,169.06,155.94,45.43,80.94,99.66,44.43,51.47,73.84,0.0,18.6,20.11,64.03,175.17,76.94
STA_OP135,73.54,29.73,51.05,138.3,52.76,43.62,151.68,1.69,40.57,54.83,6.16,10.56,49.6,14.63,143.83,62.7,104.25,176.08,7.38,8.17,122.25,85.37,160.19,10.67,52.71,97.31,36.02,48.66,113.34,67.99,169.51,3.37,152.84,13.17,14.91,22.33,150.46,153.68,26.83,62.34,97.4,42.17,32.88,55.24,18.6,0.0,1.51,45.43,156.57,58.34
STA_OP140,72.03,28.22,49.54,139.81,51.25,42.11,150.17,3.19,39.06,53.32,7.67,9.05,48.09,13.12,142.32,64.21,102.74,174.57,5.87,9.68,123.76,83.86,158.68,12.18,51.2,95.8,34.51,47.15,111.83,66.48,168.0,4.88,154.35,14.68,16.42,20.82,148.95,155.19,25.32,60.83,98.91,43.68,31.37,53.73,20.11,1.51,0.0,43.92,155.06,56.83
STA_OP300,28.11,15.7,5.62,183.73,7.33,1.81,106.25,47.12,4.86,9.4,51.59,34.87,4.17,30.8,98.4,108.13,58.82,130.65,38.05,53.6,167.68,39.94,114.76,56.1,7.37,51.88,9.41,3.32,67.91,22.56,124.08,48.8,198.27,58.6,60.34,23.1,105.03,199.11,18.6,16.91,142.83,87.6,12.56,9.81,64.03,45.43,43.92,0.0,111.14,12.91
BAA_MKT,129.01,126.84,105.52,96.44,116.23,112.95,70.54,158.25,116.0,101.74,162.73,146.01,113.07,141.94,12.74,115.47,117.98,52.07,149.19,164.74,165.14,77.83,8.78,167.24,109.25,124.92,120.55,111.52,43.23,121.08,52.72,159.94,196.55,169.74,171.48,134.24,8.39,196.58,129.74,94.23,137.34,133.55,123.69,105.1,175.17,156.57,155.06,111.14,0.0,98.23
SPUR_LOAD,38.77,28.61,7.29,178.88,18.0,14.72,116.91,60.02,17.77,3.51,64.5,47.78,16.38,43.71,85.49,103.28,69.48,129.33,50.96,66.51,162.83,27.03,101.85,69.01,11.02,62.54,22.32,15.07,55.01,33.22,134.74,61.71,194.24,71.51,73.25,36.01,92.12,194.27,31.51,4.0,137.98,82.75,25.46,6.86,76.94,58.34,56.83,12.91,98.23,0.0
